Month,Region,Product,Demand_Cases,Opening_Stock,Closing_Stock,Lead_Time_Days,On_Promotion,Unit_Price_KES,Revenue_KES
2022-01-01,Nairobi,Tusker Lager,1755,2270,2182,10,False,3800,6669000
2022-01-01,Nairobi,Senator Keg,1538,2644,2567,14,True,1500,2307000
2022-01-01,Nairobi,Tusker Malt,918,1202,1156,12,False,4200,3855600
2022-01-01,Nairobi,Johnnie Walker Black,432,654,632,12,False,28000,12096000
2022-01-01,Nairobi,Smirnoff Vodka,666,854,820,16,False,8500,5661000
2022-01-01,Nairobi,Baileys Original,288,408,393,9,False,18000,5184000
2022-01-01,Mombasa,Tusker Lager,1308,1973,1907,12,False,3800,4970400
2022-01-01,Mombasa,Senator Keg,1260,1547,1484,15,True,1500,1890000
2022-01-01,Mombasa,Tusker Malt,674,848,814,12,False,4200,2830800
2022-01-01,Mombasa,Johnnie Walker Black,428,626,604,16,True,28000,11984000
2022-01-01,Mombasa,Smirnoff Vodka,458,799,776,12,False,8500,3893000
2022-01-01,Mombasa,Baileys Original,209,333,322,13,False,18000,3762000
2022-01-01,Kisumu,Tusker Lager,1155,1514,1456,22,True,3800,4389000
2022-01-01,Kisumu,Senator Keg,788,1312,1272,17,False,1500,1182000
2022-01-01,Kisumu,Tusker Malt,522,915,888,14,False,4200,2192400
2022-01-01,Kisumu,Johnnie Walker Black,220,289,278,16,False,28000,6160000
2022-01-01,Kisumu,Smirnoff Vodka,327,445,428,10,False,8500,2779500
2022-01-01,Kisumu,Baileys Original,171,241,232,9,False,18000,3078000
2022-01-01,Nakuru,Tusker Lager,803,1350,1309,10,False,3800,3051400
2022-01-01,Nakuru,Senator Keg,720,1290,1254,14,True,1500,1080000
2022-01-01,Nakuru,Tusker Malt,443,725,702,15,False,4200,1860600
2022-01-01,Nakuru,Johnnie Walker Black,221,275,263,16,False,28000,6188000
2022-01-01,Nakuru,Smirnoff Vodka,306,378,362,9,False,8500,2601000
2022-01-01,Nakuru,Baileys Original,135,188,181,17,False,18000,2430000
2022-02-01,Nairobi,Tusker Lager,1506,2233,2157,16,False,3800,5722800
2022-02-01,Nairobi,Senator Keg,998,1624,1574,14,False,1500,1497000
2022-02-01,Nairobi,Tusker Malt,947,1416,1368,18,True,4200,3977400
2022-02-01,Nairobi,Johnnie Walker Black,452,658,635,15,True,28000,12656000
2022-02-01,Nairobi,Smirnoff Vodka,489,736,711,9,False,8500,4156500
2022-02-01,Nairobi,Baileys Original,260,350,337,17,False,18000,4680000
2022-02-01,Mombasa,Tusker Lager,1037,1292,1240,11,False,3800,3940600
2022-02-01,Mombasa,Senator Keg,759,984,946,16,False,1500,1138500
2022-02-01,Mombasa,Tusker Malt,573,987,958,15,False,4200,2406600
2022-02-01,Mombasa,Johnnie Walker Black,280,367,353,17,False,28000,7840000
2022-02-01,Mombasa,Smirnoff Vodka,427,741,719,18,False,8500,3629500
2022-02-01,Mombasa,Baileys Original,170,215,206,14,False,18000,3060000
2022-02-01,Kisumu,Tusker Lager,726,1246,1209,17,False,3800,2758800
2022-02-01,Kisumu,Senator Keg,519,781,755,13,False,1500,778500
2022-02-01,Kisumu,Tusker Malt,378,530,511,12,False,4200,1587600
2022-02-01,Kisumu,Johnnie Walker Black,209,291,280,13,False,28000,5852000
2022-02-01,Kisumu,Smirnoff Vodka,289,515,500,11,False,8500,2456500
2022-02-01,Kisumu,Baileys Original,175,236,227,18,True,18000,3150000
2022-02-01,Nakuru,Tusker Lager,672,821,787,10,False,3800,2553600
2022-02-01,Nakuru,Senator Keg,515,773,747,11,False,1500,772500
2022-02-01,Nakuru,Tusker Malt,382,513,493,15,True,4200,1604400
2022-02-01,Nakuru,Johnnie Walker Black,156,233,225,13,False,28000,4368000
2022-02-01,Nakuru,Smirnoff Vodka,346,573,555,16,True,8500,2941000
2022-02-01,Nakuru,Baileys Original,106,173,167,10,False,18000,1908000
2022-03-01,Nairobi,Tusker Lager,1752,2665,2577,18,False,3800,6657600
2022-03-01,Nairobi,Senator Keg,1239,2107,2045,18,False,1500,1858500
2022-03-01,Nairobi,Tusker Malt,868,1050,1006,19,False,4200,3645600
2022-03-01,Nairobi,Johnnie Walker Black,451,602,579,16,False,28000,12628000
2022-03-01,Nairobi,Smirnoff Vodka,695,995,960,15,False,8500,5907500
2022-03-01,Nairobi,Baileys Original,326,418,401,11,False,18000,5868000
2022-03-01,Mombasa,Tusker Lager,1278,2039,1975,12,False,3800,4856400
2022-03-01,Mombasa,Senator Keg,1053,1614,1561,15,False,1500,1579500
2022-03-01,Mombasa,Tusker Malt,664,1154,1120,13,False,4200,2788800
2022-03-01,Mombasa,Johnnie Walker Black,356,562,544,13,False,28000,9968000
2022-03-01,Mombasa,Smirnoff Vodka,479,832,808,17,False,8500,4071500
2022-03-01,Mombasa,Baileys Original,237,395,383,11,False,18000,4266000
2022-03-01,Kisumu,Tusker Lager,987,1189,1139,14,False,3800,3750600
2022-03-01,Kisumu,Senator Keg,663,1059,1025,16,False,1500,994500
2022-03-01,Kisumu,Tusker Malt,432,697,675,14,False,4200,1814400
2022-03-01,Kisumu,Johnnie Walker Black,247,329,316,10,False,28000,6916000
2022-03-01,Kisumu,Smirnoff Vodka,375,617,598,11,False,8500,3187500
2022-03-01,Kisumu,Baileys Original,165,282,273,10,False,18000,2970000
2022-03-01,Nakuru,Tusker Lager,866,1230,1186,11,False,3800,3290800
2022-03-01,Nakuru,Senator Keg,751,1011,973,14,True,1500,1126500
2022-03-01,Nakuru,Tusker Malt,460,726,703,16,False,4200,1932000
2022-03-01,Nakuru,Johnnie Walker Black,222,333,321,13,False,28000,6216000
2022-03-01,Nakuru,Smirnoff Vodka,320,522,506,9,False,8500,2720000
2022-03-01,Nakuru,Baileys Original,134,162,155,13,False,18000,2412000
2022-04-01,Nairobi,Tusker Lager,2223,3956,3844,13,False,3800,8447400
2022-04-01,Nairobi,Senator Keg,1770,3029,2940,16,False,1500,2655000
2022-04-01,Nairobi,Tusker Malt,1036,1440,1388,17,False,4200,4351200
2022-04-01,Nairobi,Johnnie Walker Black,504,773,747,12,False,28000,14112000
2022-04-01,Nairobi,Smirnoff Vodka,881,1108,1063,15,False,8500,7488500
2022-04-01,Nairobi,Baileys Original,368,660,641,19,False,18000,6624000
2022-04-01,Mombasa,Tusker Lager,1470,2417,2343,17,False,3800,5586000
2022-04-01,Mombasa,Senator Keg,1235,2002,1940,14,False,1500,1852500
2022-04-01,Mombasa,Tusker Malt,770,1298,1259,16,False,4200,3234000
2022-04-01,Mombasa,Johnnie Walker Black,425,742,720,12,False,28000,11900000
2022-04-01,Mombasa,Smirnoff Vodka,595,946,916,18,False,8500,5057500
2022-04-01,Mombasa,Baileys Original,275,461,447,14,False,18000,4950000
2022-04-01,Kisumu,Tusker Lager,1242,1560,1497,10,False,3800,4719600
2022-04-01,Kisumu,Senator Keg,878,1072,1028,9,False,1500,1317000
2022-04-01,Kisumu,Tusker Malt,572,889,860,8,False,4200,2402400
2022-04-01,Kisumu,Johnnie Walker Black,261,319,305,15,False,28000,7308000
2022-04-01,Kisumu,Smirnoff Vodka,575,870,841,11,True,8500,4887500
2022-04-01,Kisumu,Baileys Original,253,336,323,12,True,18000,4554000
2022-04-01,Nakuru,Tusker Lager,1291,2042,1977,21,True,3800,4905800
2022-04-01,Nakuru,Senator Keg,790,1410,1370,19,False,1500,1185000
2022-04-01,Nakuru,Tusker Malt,506,689,663,17,False,4200,2125200
2022-04-01,Nakuru,Johnnie Walker Black,249,310,297,12,False,28000,6972000
2022-04-01,Nakuru,Smirnoff Vodka,428,558,536,11,True,8500,3638000
2022-04-01,Nakuru,Baileys Original,156,210,202,18,False,18000,2808000
2022-05-01,Nairobi,Tusker Lager,1818,2486,2395,16,False,3800,6908400
2022-05-01,Nairobi,Senator Keg,1473,2419,2345,17,False,1500,2209500
2022-05-01,Nairobi,Tusker Malt,910,1227,1181,10,False,4200,3822000
2022-05-01,Nairobi,Johnnie Walker Black,437,723,701,19,False,28000,12236000
2022-05-01,Nairobi,Smirnoff Vodka,762,959,920,13,True,8500,6477000
2022-05-01,Nairobi,Baileys Original,299,443,428,19,False,18000,5382000
2022-05-01,Mombasa,Tusker Lager,1234,1936,1874,8,False,3800,4689200
2022-05-01,Mombasa,Senator Keg,1017,1248,1197,10,False,1500,1525500
2022-05-01,Mombasa,Tusker Malt,643,1102,1069,14,False,4200,2700600
2022-05-01,Mombasa,Johnnie Walker Black,340,441,424,21,False,28000,9520000
2022-05-01,Mombasa,Smirnoff Vodka,566,878,849,13,True,8500,4811000
2022-05-01,Mombasa,Baileys Original,239,369,357,14,False,18000,4302000
2022-05-01,Kisumu,Tusker Lager,939,1434,1387,12,False,3800,3568200
2022-05-01,Kisumu,Senator Keg,784,1122,1082,20,False,1500,1176000
2022-05-01,Kisumu,Tusker Malt,524,729,702,12,False,4200,2200800
2022-05-01,Kisumu,Johnnie Walker Black,257,311,298,14,False,28000,7196000
2022-05-01,Kisumu,Smirnoff Vodka,383,619,599,12,False,8500,3255500
2022-05-01,Kisumu,Baileys Original,164,283,274,12,False,18000,2952000
2022-05-01,Nakuru,Tusker Lager,879,1148,1104,12,False,3800,3340200
2022-05-01,Nakuru,Senator Keg,662,1114,1080,16,False,1500,993000
2022-05-01,Nakuru,Tusker Malt,461,767,743,8,False,4200,1936200
2022-05-01,Nakuru,Johnnie Walker Black,203,356,345,10,False,28000,5684000
2022-05-01,Nakuru,Smirnoff Vodka,338,558,541,18,False,8500,2873000
2022-05-01,Nakuru,Baileys Original,129,224,217,12,False,18000,2322000
2022-06-01,Nairobi,Tusker Lager,1802,3130,3039,12,False,3800,6847600
2022-06-01,Nairobi,Senator Keg,1320,1592,1526,16,False,1500,1980000
2022-06-01,Nairobi,Tusker Malt,973,1722,1673,13,False,4200,4086600
2022-06-01,Nairobi,Johnnie Walker Black,491,758,733,12,False,28000,13748000
2022-06-01,Nairobi,Smirnoff Vodka,866,1209,1165,8,True,8500,7361000
2022-06-01,Nairobi,Baileys Original,310,511,495,12,False,18000,5580000
2022-06-01,Mombasa,Tusker Lager,1746,2670,2582,11,True,3800,6634800
2022-06-01,Mombasa,Senator Keg,978,1694,1645,13,False,1500,1467000
2022-06-01,Mombasa,Tusker Malt,640,806,774,15,False,4200,2688000
2022-06-01,Mombasa,Johnnie Walker Black,303,491,475,18,False,28000,8484000
2022-06-01,Mombasa,Smirnoff Vodka,453,565,542,15,False,8500,3850500
2022-06-01,Mombasa,Baileys Original,252,451,438,16,True,18000,4536000
2022-06-01,Kisumu,Tusker Lager,936,1655,1608,17,False,3800,3556800
2022-06-01,Kisumu,Senator Keg,790,1305,1265,12,False,1500,1185000
2022-06-01,Kisumu,Tusker Malt,585,1020,990,7,True,4200,2457000
2022-06-01,Kisumu,Johnnie Walker Black,221,330,318,18,False,28000,6188000
2022-06-01,Kisumu,Smirnoff Vodka,406,516,495,11,True,8500,3451000
2022-06-01,Kisumu,Baileys Original,148,235,227,13,False,18000,2664000
2022-06-01,Nakuru,Tusker Lager,881,1255,1210,15,False,3800,3347800
2022-06-01,Nakuru,Senator Keg,754,1297,1259,14,True,1500,1131000
2022-06-01,Nakuru,Tusker Malt,397,712,692,14,False,4200,1667400
2022-06-01,Nakuru,Johnnie Walker Black,192,294,284,16,False,28000,5376000
2022-06-01,Nakuru,Smirnoff Vodka,345,558,540,20,False,8500,2932500
2022-06-01,Nakuru,Baileys Original,139,219,212,15,False,18000,2502000
2022-07-01,Nairobi,Tusker Lager,1830,2876,2784,13,False,3800,6954000
2022-07-01,Nairobi,Senator Keg,1290,1693,1628,16,False,1500,1935000
2022-07-01,Nairobi,Tusker Malt,893,1113,1068,17,False,4200,3750600
2022-07-01,Nairobi,Johnnie Walker Black,493,883,858,8,False,28000,13804000
2022-07-01,Nairobi,Smirnoff Vodka,702,1185,1149,8,False,8500,5967000
2022-07-01,Nairobi,Baileys Original,311,403,387,15,False,18000,5598000
2022-07-01,Mombasa,Tusker Lager,1428,2071,1999,16,False,3800,5426400
2022-07-01,Mombasa,Senator Keg,1076,1850,1796,18,False,1500,1614000
2022-07-01,Mombasa,Tusker Malt,600,1011,981,13,False,4200,2520000
2022-07-01,Mombasa,Johnnie Walker Black,362,467,448,13,False,28000,10136000
2022-07-01,Mombasa,Smirnoff Vodka,630,1074,1042,15,True,8500,5355000
2022-07-01,Mombasa,Baileys Original,235,348,336,13,False,18000,4230000
2022-07-01,Kisumu,Tusker Lager,944,1622,1574,13,False,3800,3587200
2022-07-01,Kisumu,Senator Keg,765,1376,1337,13,False,1500,1147500
2022-07-01,Kisumu,Tusker Malt,528,932,905,18,False,4200,2217600
2022-07-01,Kisumu,Johnnie Walker Black,257,346,333,14,False,28000,7196000
2022-07-01,Kisumu,Smirnoff Vodka,446,714,691,9,True,8500,3791000
2022-07-01,Kisumu,Baileys Original,164,232,223,15,False,18000,2952000
2022-07-01,Nakuru,Tusker Lager,775,1289,1250,14,False,3800,2945000
2022-07-01,Nakuru,Senator Keg,633,1083,1051,20,False,1500,949500
2022-07-01,Nakuru,Tusker Malt,424,611,589,17,False,4200,1780800
2022-07-01,Nakuru,Johnnie Walker Black,243,295,282,14,True,28000,6804000
2022-07-01,Nakuru,Smirnoff Vodka,331,439,422,18,False,8500,2813500
2022-07-01,Nakuru,Baileys Original,130,157,150,16,False,18000,2340000
2022-08-01,Nairobi,Tusker Lager,1746,2553,2465,8,False,3800,6634800
2022-08-01,Nairobi,Senator Keg,1824,2569,2477,18,True,1500,2736000
2022-08-01,Nairobi,Tusker Malt,903,1420,1374,12,False,4200,3792600
2022-08-01,Nairobi,Johnnie Walker Black,483,854,829,18,False,28000,13524000
2022-08-01,Nairobi,Smirnoff Vodka,627,849,817,13,False,8500,5329500
2022-08-01,Nairobi,Baileys Original,298,532,517,16,False,18000,5364000
2022-08-01,Mombasa,Tusker Lager,1318,1771,1705,17,False,3800,5008400
2022-08-01,Mombasa,Senator Keg,906,1157,1111,9,False,1500,1359000
2022-08-01,Mombasa,Tusker Malt,764,1075,1036,10,True,4200,3208800
2022-08-01,Mombasa,Johnnie Walker Black,356,528,510,15,False,28000,9968000
2022-08-01,Mombasa,Smirnoff Vodka,512,626,600,12,False,8500,4352000
2022-08-01,Mombasa,Baileys Original,205,280,269,12,False,18000,3690000
2022-08-01,Kisumu,Tusker Lager,898,1273,1228,9,False,3800,3412400
2022-08-01,Kisumu,Senator Keg,720,1162,1126,13,False,1500,1080000
2022-08-01,Kisumu,Tusker Malt,436,544,522,15,False,4200,1831200
2022-08-01,Kisumu,Johnnie Walker Black,322,564,547,17,True,28000,9016000
2022-08-01,Kisumu,Smirnoff Vodka,328,540,523,16,False,8500,2788000
2022-08-01,Kisumu,Baileys Original,150,198,190,12,False,18000,2700000
2022-08-01,Nakuru,Tusker Lager,818,1162,1121,21,False,3800,3108400
2022-08-01,Nakuru,Senator Keg,625,1030,998,13,False,1500,937500
2022-08-01,Nakuru,Tusker Malt,381,661,641,16,False,4200,1600200
2022-08-01,Nakuru,Johnnie Walker Black,210,319,308,11,False,28000,5880000
2022-08-01,Nakuru,Smirnoff Vodka,290,390,375,18,False,8500,2465000
2022-08-01,Nakuru,Baileys Original,134,191,184,7,False,18000,2412000
2022-09-01,Nairobi,Tusker Lager,1627,2272,2190,10,False,3800,6182600
2022-09-01,Nairobi,Senator Keg,1247,2162,2099,12,False,1500,1870500
2022-09-01,Nairobi,Tusker Malt,917,1374,1328,17,False,4200,3851400
2022-09-01,Nairobi,Johnnie Walker Black,413,628,607,15,False,28000,11564000
2022-09-01,Nairobi,Smirnoff Vodka,687,876,841,12,False,8500,5839500
2022-09-01,Nairobi,Baileys Original,359,509,491,18,True,18000,6462000
2022-09-01,Mombasa,Tusker Lager,1359,2435,2367,8,False,3800,5164200
2022-09-01,Mombasa,Senator Keg,1011,1357,1306,16,False,1500,1516500
2022-09-01,Mombasa,Tusker Malt,607,786,755,12,False,4200,2549400
2022-09-01,Mombasa,Johnnie Walker Black,309,423,407,12,False,28000,8652000
2022-09-01,Mombasa,Smirnoff Vodka,463,828,804,7,False,8500,3935500
2022-09-01,Mombasa,Baileys Original,203,292,281,16,False,18000,3654000
2022-09-01,Kisumu,Tusker Lager,1050,1422,1369,14,False,3800,3990000
2022-09-01,Kisumu,Senator Keg,673,1077,1043,14,False,1500,1009500
2022-09-01,Kisumu,Tusker Malt,521,712,685,20,False,4200,2188200
2022-09-01,Kisumu,Johnnie Walker Black,316,414,398,18,True,28000,8848000
2022-09-01,Kisumu,Smirnoff Vodka,347,466,448,14,False,8500,2949500
2022-09-01,Kisumu,Baileys Original,148,231,223,7,False,18000,2664000
2022-09-01,Nakuru,Tusker Lager,804,1196,1155,10,False,3800,3055200
2022-09-01,Nakuru,Senator Keg,634,780,748,14,False,1500,951000
2022-09-01,Nakuru,Tusker Malt,406,653,632,12,False,4200,1705200
2022-09-01,Nakuru,Johnnie Walker Black,221,344,332,16,False,28000,6188000
2022-09-01,Nakuru,Smirnoff Vodka,313,550,534,8,False,8500,2660500
2022-09-01,Nakuru,Baileys Original,149,265,257,10,False,18000,2682000
2022-10-01,Nairobi,Tusker Lager,1665,2179,2095,14,False,3800,6327000
2022-10-01,Nairobi,Senator Keg,1233,2027,1965,14,False,1500,1849500
2022-10-01,Nairobi,Tusker Malt,913,1531,1485,13,False,4200,3834600
2022-10-01,Nairobi,Johnnie Walker Black,423,549,527,14,False,28000,11844000
2022-10-01,Nairobi,Smirnoff Vodka,630,953,921,15,False,8500,5355000
2022-10-01,Nairobi,Baileys Original,292,504,489,17,False,18000,5256000
2022-10-01,Mombasa,Tusker Lager,1292,1842,1777,13,False,3800,4909600
2022-10-01,Mombasa,Senator Keg,983,1357,1307,17,False,1500,1474500
2022-10-01,Mombasa,Tusker Malt,866,1506,1462,9,True,4200,3637200
2022-10-01,Mombasa,Johnnie Walker Black,322,491,474,14,False,28000,9016000
2022-10-01,Mombasa,Smirnoff Vodka,535,943,916,11,False,8500,4547500
2022-10-01,Mombasa,Baileys Original,226,316,304,14,False,18000,4068000
2022-10-01,Kisumu,Tusker Lager,891,1354,1309,15,False,3800,3385800
2022-10-01,Kisumu,Senator Keg,777,1300,1261,17,False,1500,1165500
2022-10-01,Kisumu,Tusker Malt,558,918,890,10,True,4200,2343600
2022-10-01,Kisumu,Johnnie Walker Black,218,336,325,11,False,28000,6104000
2022-10-01,Kisumu,Smirnoff Vodka,379,641,622,12,False,8500,3221500
2022-10-01,Kisumu,Baileys Original,148,252,244,16,False,18000,2664000
2022-10-01,Nakuru,Tusker Lager,777,1002,963,17,False,3800,2952600
2022-10-01,Nakuru,Senator Keg,745,1216,1178,12,True,1500,1117500
2022-10-01,Nakuru,Tusker Malt,438,668,646,18,False,4200,1839600
2022-10-01,Nakuru,Johnnie Walker Black,200,281,271,17,False,28000,5600000
2022-10-01,Nakuru,Smirnoff Vodka,295,424,409,14,False,8500,2507500
2022-10-01,Nakuru,Baileys Original,139,245,238,16,False,18000,2502000
2022-11-01,Nairobi,Tusker Lager,1675,2624,2540,14,False,3800,6365000
2022-11-01,Nairobi,Senator Keg,1220,2102,2041,21,False,1500,1830000
2022-11-01,Nairobi,Tusker Malt,978,1714,1665,19,False,4200,4107600
2022-11-01,Nairobi,Johnnie Walker Black,469,605,581,15,False,28000,13132000
2022-11-01,Nairobi,Smirnoff Vodka,685,1124,1089,9,False,8500,5822500
2022-11-01,Nairobi,Baileys Original,326,572,555,19,False,18000,5868000
2022-11-01,Mombasa,Tusker Lager,1307,1881,1815,21,False,3800,4966600
2022-11-01,Mombasa,Senator Keg,902,1263,1217,15,False,1500,1353000
2022-11-01,Mombasa,Tusker Malt,700,1226,1191,16,False,4200,2940000
2022-11-01,Mombasa,Johnnie Walker Black,320,450,434,7,False,28000,8960000
2022-11-01,Mombasa,Smirnoff Vodka,519,763,737,9,False,8500,4411500
2022-11-01,Mombasa,Baileys Original,204,266,255,13,False,18000,3672000
2022-11-01,Kisumu,Tusker Lager,1200,1700,1640,16,True,3800,4560000
2022-11-01,Kisumu,Senator Keg,732,1156,1119,13,False,1500,1098000
2022-11-01,Kisumu,Tusker Malt,433,769,747,10,False,4200,1818600
2022-11-01,Kisumu,Johnnie Walker Black,223,323,311,15,False,28000,6244000
2022-11-01,Kisumu,Smirnoff Vodka,413,643,622,14,True,8500,3510500
2022-11-01,Kisumu,Baileys Original,146,240,232,14,False,18000,2628000
2022-11-01,Nakuru,Tusker Lager,791,1039,999,13,False,3800,3005800
2022-11-01,Nakuru,Senator Keg,572,848,819,14,False,1500,858000
2022-11-01,Nakuru,Tusker Malt,425,622,600,18,False,4200,1785000
2022-11-01,Nakuru,Johnnie Walker Black,206,316,305,7,False,28000,5768000
2022-11-01,Nakuru,Smirnoff Vodka,293,517,502,14,False,8500,2490500
2022-11-01,Nakuru,Baileys Original,136,185,178,13,False,18000,2448000
2022-12-01,Nairobi,Tusker Lager,2685,3473,3338,12,False,3800,10203000
2022-12-01,Nairobi,Senator Keg,2042,3257,3154,13,False,1500,3063000
2022-12-01,Nairobi,Tusker Malt,1182,1894,1834,11,False,4200,4964400
2022-12-01,Nairobi,Johnnie Walker Black,590,744,714,11,False,28000,16520000
2022-12-01,Nairobi,Smirnoff Vodka,1037,1392,1340,15,False,8500,8814500
2022-12-01,Nairobi,Baileys Original,500,672,647,10,True,18000,9000000
2022-12-01,Mombasa,Tusker Lager,1999,2875,2775,14,False,3800,7596200
2022-12-01,Mombasa,Senator Keg,1484,1963,1888,14,False,1500,2226000
2022-12-01,Mombasa,Tusker Malt,917,1591,1545,8,False,4200,3851400
2022-12-01,Mombasa,Johnnie Walker Black,509,715,689,19,False,28000,14252000
2022-12-01,Mombasa,Smirnoff Vodka,854,1162,1119,17,True,8500,7259000
2022-12-01,Mombasa,Baileys Original,409,591,570,8,True,18000,7362000
2022-12-01,Kisumu,Tusker Lager,1758,3110,3022,8,True,3800,6680400
2022-12-01,Kisumu,Senator Keg,1099,1411,1356,12,False,1500,1648500
2022-12-01,Kisumu,Tusker Malt,747,1254,1216,16,False,4200,3137400
2022-12-01,Kisumu,Johnnie Walker Black,343,416,398,13,False,28000,9604000
2022-12-01,Kisumu,Smirnoff Vodka,498,674,649,20,False,8500,4233000
2022-12-01,Kisumu,Baileys Original,215,365,354,16,False,18000,3870000
2022-12-01,Nakuru,Tusker Lager,1336,1821,1754,10,False,3800,5076800
2022-12-01,Nakuru,Senator Keg,826,1444,1402,14,False,1500,1239000
2022-12-01,Nakuru,Tusker Malt,562,861,832,9,False,4200,2360400
2022-12-01,Nakuru,Johnnie Walker Black,314,533,517,15,False,28000,8792000
2022-12-01,Nakuru,Smirnoff Vodka,430,687,665,18,False,8500,3655000
2022-12-01,Nakuru,Baileys Original,237,414,402,18,True,18000,4266000
2023-01-01,Nairobi,Tusker Lager,1771,2175,2086,15,False,3800,6729800
2023-01-01,Nairobi,Senator Keg,1260,2069,2006,7,False,1500,1890000
2023-01-01,Nairobi,Tusker Malt,1031,1478,1426,9,True,4200,4330200
2023-01-01,Nairobi,Johnnie Walker Black,431,609,587,15,False,28000,12068000
2023-01-01,Nairobi,Smirnoff Vodka,705,1047,1011,15,False,8500,5992500
2023-01-01,Nairobi,Baileys Original,310,546,530,8,False,18000,5580000
2023-01-01,Mombasa,Tusker Lager,1381,1699,1629,15,False,3800,5247800
2023-01-01,Mombasa,Senator Keg,989,1540,1490,9,False,1500,1483500
2023-01-01,Mombasa,Tusker Malt,638,794,762,12,False,4200,2679600
2023-01-01,Mombasa,Johnnie Walker Black,431,645,623,14,True,28000,12068000
2023-01-01,Mombasa,Smirnoff Vodka,642,1085,1052,9,True,8500,5457000
2023-01-01,Mombasa,Baileys Original,233,376,364,12,False,18000,4194000
2023-01-01,Kisumu,Tusker Lager,916,1149,1103,8,False,3800,3480800
2023-01-01,Kisumu,Senator Keg,780,1000,961,17,False,1500,1170000
2023-01-01,Kisumu,Tusker Malt,523,797,770,10,False,4200,2196600
2023-01-01,Kisumu,Johnnie Walker Black,258,422,409,13,False,28000,7224000
2023-01-01,Kisumu,Smirnoff Vodka,478,817,793,17,True,8500,4063000
2023-01-01,Kisumu,Baileys Original,190,283,273,17,True,18000,3420000
2023-01-01,Nakuru,Tusker Lager,793,967,927,16,False,3800,3013400
2023-01-01,Nakuru,Senator Keg,655,902,869,14,False,1500,982500
2023-01-01,Nakuru,Tusker Malt,456,778,755,17,False,4200,1915200
2023-01-01,Nakuru,Johnnie Walker Black,202,342,331,13,False,28000,5656000
2023-01-01,Nakuru,Smirnoff Vodka,286,363,348,9,False,8500,2431000
2023-01-01,Nakuru,Baileys Original,128,207,200,15,False,18000,2304000
2023-02-01,Nairobi,Tusker Lager,1394,1936,1866,13,False,3800,5297200
2023-02-01,Nairobi,Senator Keg,1361,2278,2209,14,True,1500,2041500
2023-02-01,Nairobi,Tusker Malt,694,1089,1054,16,False,4200,2914800
2023-02-01,Nairobi,Johnnie Walker Black,341,414,396,14,False,28000,9548000
2023-02-01,Nairobi,Smirnoff Vodka,580,973,944,16,False,8500,4930000
2023-02-01,Nairobi,Baileys Original,264,372,358,14,False,18000,4752000
2023-02-01,Mombasa,Tusker Lager,1112,1753,1697,12,False,3800,4225600
2023-02-01,Mombasa,Senator Keg,851,1523,1480,7,False,1500,1276500
2023-02-01,Mombasa,Tusker Malt,556,913,885,8,False,4200,2335200
2023-02-01,Mombasa,Johnnie Walker Black,250,316,303,8,False,28000,7000000
2023-02-01,Mombasa,Smirnoff Vodka,384,514,494,10,False,8500,3264000
2023-02-01,Mombasa,Baileys Original,160,193,185,10,False,18000,2880000
2023-02-01,Kisumu,Tusker Lager,1054,1694,1641,8,True,3800,4005200
2023-02-01,Kisumu,Senator Keg,544,962,934,10,False,1500,816000
2023-02-01,Kisumu,Tusker Malt,406,701,680,13,False,4200,1705200
2023-02-01,Kisumu,Johnnie Walker Black,209,309,298,11,False,28000,5852000
2023-02-01,Kisumu,Smirnoff Vodka,295,444,429,17,False,8500,2507500
2023-02-01,Kisumu,Baileys Original,121,158,151,18,False,18000,2178000
2023-02-01,Nakuru,Tusker Lager,634,893,861,15,False,3800,2409200
2023-02-01,Nakuru,Senator Keg,459,817,794,12,False,1500,688500
2023-02-01,Nakuru,Tusker Malt,362,599,580,12,False,4200,1520400
2023-02-01,Nakuru,Johnnie Walker Black,218,281,270,10,True,28000,6104000
2023-02-01,Nakuru,Smirnoff Vodka,268,407,393,11,False,8500,2278000
2023-02-01,Nakuru,Baileys Original,114,176,170,11,False,18000,2052000
2023-03-01,Nairobi,Tusker Lager,1653,2112,2029,12,False,3800,6281400
2023-03-01,Nairobi,Senator Keg,1455,2580,2507,15,False,1500,2182500
2023-03-01,Nairobi,Tusker Malt,965,1476,1427,15,False,4200,4053000
2023-03-01,Nairobi,Johnnie Walker Black,413,596,575,17,False,28000,11564000
2023-03-01,Nairobi,Smirnoff Vodka,658,985,952,16,False,8500,5593000
2023-03-01,Nairobi,Baileys Original,275,366,352,11,False,18000,4950000
2023-03-01,Mombasa,Tusker Lager,1710,2659,2573,7,True,3800,6498000
2023-03-01,Mombasa,Senator Keg,1054,1484,1431,11,False,1500,1581000
2023-03-01,Mombasa,Tusker Malt,683,1179,1144,9,False,4200,2868600
2023-03-01,Mombasa,Johnnie Walker Black,350,558,540,15,False,28000,9800000
2023-03-01,Mombasa,Smirnoff Vodka,530,902,875,15,False,8500,4505000
2023-03-01,Mombasa,Baileys Original,229,368,356,16,False,18000,4122000
2023-03-01,Kisumu,Tusker Lager,983,1699,1649,12,False,3800,3735400
2023-03-01,Kisumu,Senator Keg,774,942,903,15,False,1500,1161000
2023-03-01,Kisumu,Tusker Malt,511,841,815,12,False,4200,2146200
2023-03-01,Kisumu,Johnnie Walker Black,224,378,366,11,False,28000,6272000
2023-03-01,Kisumu,Smirnoff Vodka,384,526,506,13,False,8500,3264000
2023-03-01,Kisumu,Baileys Original,205,366,355,14,True,18000,3690000
2023-03-01,Nakuru,Tusker Lager,862,1313,1269,16,False,3800,3275600
2023-03-01,Nakuru,Senator Keg,665,840,806,9,False,1500,997500
2023-03-01,Nakuru,Tusker Malt,442,621,598,15,False,4200,1856400
2023-03-01,Nakuru,Johnnie Walker Black,216,379,368,14,False,28000,6048000
2023-03-01,Nakuru,Smirnoff Vodka,362,449,430,14,True,8500,3077000
2023-03-01,Nakuru,Baileys Original,134,217,210,15,False,18000,2412000
2023-04-01,Nairobi,Tusker Lager,1973,3102,3003,8,False,3800,7497400
2023-04-01,Nairobi,Senator Keg,1473,2537,2463,16,False,1500,2209500
2023-04-01,Nairobi,Tusker Malt,1182,1435,1375,15,False,4200,4964400
2023-04-01,Nairobi,Johnnie Walker Black,488,680,655,12,False,28000,13664000
2023-04-01,Nairobi,Smirnoff Vodka,808,1185,1144,16,False,8500,6868000
2023-04-01,Nairobi,Baileys Original,344,618,600,17,False,18000,6192000
2023-04-01,Mombasa,Tusker Lager,1561,2617,2538,10,False,3800,5931800
2023-04-01,Mombasa,Senator Keg,1234,1644,1582,13,False,1500,1851000
2023-04-01,Mombasa,Tusker Malt,907,1237,1191,17,True,4200,3809400
2023-04-01,Mombasa,Johnnie Walker Black,432,557,535,17,False,28000,12096000
2023-04-01,Mombasa,Smirnoff Vodka,586,927,897,13,False,8500,4981000
2023-04-01,Mombasa,Baileys Original,259,353,340,15,False,18000,4662000
2023-04-01,Kisumu,Tusker Lager,1264,1691,1627,16,False,3800,4803200
2023-04-01,Kisumu,Senator Keg,814,992,951,13,False,1500,1221000
2023-04-01,Kisumu,Tusker Malt,593,879,849,16,False,4200,2490600
2023-04-01,Kisumu,Johnnie Walker Black,394,516,496,12,True,28000,11032000
2023-04-01,Kisumu,Smirnoff Vodka,464,791,767,16,False,8500,3944000
2023-04-01,Kisumu,Baileys Original,202,318,307,16,False,18000,3636000
2023-04-01,Nakuru,Tusker Lager,934,1390,1343,17,False,3800,3549200
2023-04-01,Nakuru,Senator Keg,698,890,855,15,False,1500,1047000
2023-04-01,Nakuru,Tusker Malt,523,781,754,9,False,4200,2196600
2023-04-01,Nakuru,Johnnie Walker Black,230,356,344,13,False,28000,6440000
2023-04-01,Nakuru,Smirnoff Vodka,361,531,512,12,False,8500,3068500
2023-04-01,Nakuru,Baileys Original,152,189,181,16,False,18000,2736000
2023-05-01,Nairobi,Tusker Lager,1761,2421,2332,21,False,3800,6691800
2023-05-01,Nairobi,Senator Keg,1403,2407,2336,12,False,1500,2104500
2023-05-01,Nairobi,Tusker Malt,1188,1500,1440,13,True,4200,4989600
2023-05-01,Nairobi,Johnnie Walker Black,427,765,743,12,False,28000,11956000
2023-05-01,Nairobi,Smirnoff Vodka,627,1016,984,21,False,8500,5329500
2023-05-01,Nairobi,Baileys Original,304,366,350,13,False,18000,5472000
2023-05-01,Mombasa,Tusker Lager,1274,1796,1732,11,False,3800,4841200
2023-05-01,Mombasa,Senator Keg,898,1119,1074,14,False,1500,1347000
2023-05-01,Mombasa,Tusker Malt,646,1042,1009,14,False,4200,2713200
2023-05-01,Mombasa,Johnnie Walker Black,350,462,444,10,False,28000,9800000
2023-05-01,Mombasa,Smirnoff Vodka,578,938,909,14,True,8500,4913000
2023-05-01,Mombasa,Baileys Original,199,350,340,11,False,18000,3582000
2023-05-01,Kisumu,Tusker Lager,874,1505,1461,19,False,3800,3321200
2023-05-01,Kisumu,Senator Keg,751,1262,1224,15,False,1500,1126500
2023-05-01,Kisumu,Tusker Malt,465,786,762,14,False,4200,1953000
2023-05-01,Kisumu,Johnnie Walker Black,238,377,365,16,False,28000,6664000
2023-05-01,Kisumu,Smirnoff Vodka,362,447,428,12,False,8500,3077000
2023-05-01,Kisumu,Baileys Original,152,196,188,14,False,18000,2736000
2023-05-01,Nakuru,Tusker Lager,902,1509,1463,10,False,3800,3427600
2023-05-01,Nakuru,Senator Keg,650,974,941,12,False,1500,975000
2023-05-01,Nakuru,Tusker Malt,425,764,742,11,False,4200,1785000
2023-05-01,Nakuru,Johnnie Walker Black,230,365,353,16,False,28000,6440000
2023-05-01,Nakuru,Smirnoff Vodka,370,450,431,12,True,8500,3145000
2023-05-01,Nakuru,Baileys Original,133,196,189,14,False,18000,2394000
2023-06-01,Nairobi,Tusker Lager,1933,2813,2716,16,False,3800,7345400
2023-06-01,Nairobi,Senator Keg,1308,1860,1794,16,False,1500,1962000
2023-06-01,Nairobi,Tusker Malt,988,1615,1565,9,False,4200,4149600
2023-06-01,Nairobi,Johnnie Walker Black,449,774,751,20,False,28000,12572000
2023-06-01,Nairobi,Smirnoff Vodka,729,1133,1096,9,False,8500,6196500
2023-06-01,Nairobi,Baileys Original,325,431,414,12,False,18000,5850000
2023-06-01,Mombasa,Tusker Lager,1352,1729,1661,18,False,3800,5137600
2023-06-01,Mombasa,Senator Keg,1291,2253,2188,16,True,1500,1936500
2023-06-01,Mombasa,Tusker Malt,618,924,893,14,False,4200,2595600
2023-06-01,Mombasa,Johnnie Walker Black,313,539,523,13,False,28000,8764000
2023-06-01,Mombasa,Smirnoff Vodka,490,762,737,7,False,8500,4165000
2023-06-01,Mombasa,Baileys Original,256,367,354,14,True,18000,4608000
2023-06-01,Kisumu,Tusker Lager,1050,1464,1411,16,False,3800,3990000
2023-06-01,Kisumu,Senator Keg,759,970,932,10,False,1500,1138500
2023-06-01,Kisumu,Tusker Malt,525,653,626,9,False,4200,2205000
2023-06-01,Kisumu,Johnnie Walker Black,224,338,326,13,False,28000,6272000
2023-06-01,Kisumu,Smirnoff Vodka,348,469,451,13,False,8500,2958000
2023-06-01,Kisumu,Baileys Original,164,266,257,17,False,18000,2952000
2023-06-01,Nakuru,Tusker Lager,784,1164,1124,16,False,3800,2979200
2023-06-01,Nakuru,Senator Keg,842,1417,1374,17,True,1500,1263000
2023-06-01,Nakuru,Tusker Malt,427,541,519,13,False,4200,1793400
2023-06-01,Nakuru,Johnnie Walker Black,200,246,236,15,False,28000,5600000
2023-06-01,Nakuru,Smirnoff Vodka,396,697,677,13,True,8500,3366000
2023-06-01,Nakuru,Baileys Original,135,203,196,10,False,18000,2430000
2023-07-01,Nairobi,Tusker Lager,1635,2813,2731,14,False,3800,6213000
2023-07-01,Nairobi,Senator Keg,1338,2019,1952,15,False,1500,2007000
2023-07-01,Nairobi,Tusker Malt,898,1093,1048,11,False,4200,3771600
2023-07-01,Nairobi,Johnnie Walker Black,541,877,849,15,True,28000,15148000
2023-07-01,Nairobi,Smirnoff Vodka,635,931,899,14,False,8500,5397500
2023-07-01,Nairobi,Baileys Original,322,420,403,12,False,18000,5796000
2023-07-01,Mombasa,Tusker Lager,1371,2153,2084,13,False,3800,5209800
2023-07-01,Mombasa,Senator Keg,1063,1639,1585,20,False,1500,1594500
2023-07-01,Mombasa,Tusker Malt,598,960,930,14,False,4200,2511600
2023-07-01,Mombasa,Johnnie Walker Black,311,496,480,15,False,28000,8708000
2023-07-01,Mombasa,Smirnoff Vodka,484,771,746,11,False,8500,4114000
2023-07-01,Mombasa,Baileys Original,242,297,284,14,False,18000,4356000
2023-07-01,Kisumu,Tusker Lager,1052,1756,1703,17,False,3800,3997600
2023-07-01,Kisumu,Senator Keg,730,1199,1162,13,False,1500,1095000
2023-07-01,Kisumu,Tusker Malt,516,825,799,8,False,4200,2167200
2023-07-01,Kisumu,Johnnie Walker Black,255,422,409,11,False,28000,7140000
2023-07-01,Kisumu,Smirnoff Vodka,381,484,464,17,False,8500,3238500
2023-07-01,Kisumu,Baileys Original,161,193,184,13,False,18000,2898000
2023-07-01,Nakuru,Tusker Lager,811,1311,1270,10,False,3800,3081800
2023-07-01,Nakuru,Senator Keg,616,905,874,9,False,1500,924000
2023-07-01,Nakuru,Tusker Malt,398,495,475,10,False,4200,1671600
2023-07-01,Nakuru,Johnnie Walker Black,214,342,331,12,False,28000,5992000
2023-07-01,Nakuru,Smirnoff Vodka,323,554,537,7,False,8500,2745500
2023-07-01,Nakuru,Baileys Original,141,209,201,11,False,18000,2538000
2023-08-01,Nairobi,Tusker Lager,1629,2344,2262,10,False,3800,6190200
2023-08-01,Nairobi,Senator Keg,1372,2085,2016,9,False,1500,2058000
2023-08-01,Nairobi,Tusker Malt,919,1498,1452,16,False,4200,3859800
2023-08-01,Nairobi,Johnnie Walker Black,491,594,569,15,False,28000,13748000
2023-08-01,Nairobi,Smirnoff Vodka,792,1390,1350,13,True,8500,6732000
2023-08-01,Nairobi,Baileys Original,274,482,468,15,False,18000,4932000
2023-08-01,Mombasa,Tusker Lager,1281,1734,1669,13,False,3800,4867800
2023-08-01,Mombasa,Senator Keg,947,1311,1263,11,False,1500,1420500
2023-08-01,Mombasa,Tusker Malt,700,1096,1061,8,False,4200,2940000
2023-08-01,Mombasa,Johnnie Walker Black,430,586,564,15,True,28000,12040000
2023-08-01,Mombasa,Smirnoff Vodka,486,781,756,13,False,8500,4131000
2023-08-01,Mombasa,Baileys Original,206,312,301,13,False,18000,3708000
2023-08-01,Kisumu,Tusker Lager,1000,1353,1303,14,False,3800,3800000
2023-08-01,Kisumu,Senator Keg,983,1464,1414,11,True,1500,1474500
2023-08-01,Kisumu,Tusker Malt,509,804,778,12,False,4200,2137800
2023-08-01,Kisumu,Johnnie Walker Black,262,408,394,14,False,28000,7336000
2023-08-01,Kisumu,Smirnoff Vodka,383,508,488,13,False,8500,3255500
2023-08-01,Kisumu,Baileys Original,164,237,228,15,False,18000,2952000
2023-08-01,Nakuru,Tusker Lager,897,1203,1158,13,False,3800,3408600
2023-08-01,Nakuru,Senator Keg,665,907,873,16,False,1500,997500
2023-08-01,Nakuru,Tusker Malt,447,562,539,19,False,4200,1877400
2023-08-01,Nakuru,Johnnie Walker Black,215,316,305,11,False,28000,6020000
2023-08-01,Nakuru,Smirnoff Vodka,320,549,533,15,False,8500,2720000
2023-08-01,Nakuru,Baileys Original,132,165,158,11,False,18000,2376000
2023-09-01,Nairobi,Tusker Lager,1629,2489,2407,17,False,3800,6190200
2023-09-01,Nairobi,Senator Keg,1597,2290,2210,18,True,1500,2395500
2023-09-01,Nairobi,Tusker Malt,917,1175,1129,14,False,4200,3851400
2023-09-01,Nairobi,Johnnie Walker Black,468,675,651,13,False,28000,13104000
2023-09-01,Nairobi,Smirnoff Vodka,665,1193,1159,16,False,8500,5652500
2023-09-01,Nairobi,Baileys Original,278,350,336,17,False,18000,5004000
2023-09-01,Mombasa,Tusker Lager,1379,1720,1651,9,False,3800,5240200
2023-09-01,Mombasa,Senator Keg,908,1576,1530,15,False,1500,1362000
2023-09-01,Mombasa,Tusker Malt,619,874,843,10,False,4200,2599800
2023-09-01,Mombasa,Johnnie Walker Black,302,456,440,11,False,28000,8456000
2023-09-01,Mombasa,Smirnoff Vodka,452,688,665,12,False,8500,3842000
2023-09-01,Mombasa,Baileys Original,237,376,364,16,False,18000,4266000
2023-09-01,Kisumu,Tusker Lager,966,1547,1498,10,False,3800,3670800
2023-09-01,Kisumu,Senator Keg,989,1579,1529,10,True,1500,1483500
2023-09-01,Kisumu,Tusker Malt,486,600,575,13,False,4200,2041200
2023-09-01,Kisumu,Johnnie Walker Black,243,431,418,19,False,28000,6804000
2023-09-01,Kisumu,Smirnoff Vodka,337,512,495,11,False,8500,2864500
2023-09-01,Kisumu,Baileys Original,147,216,208,15,False,18000,2646000
2023-09-01,Nakuru,Tusker Lager,883,1481,1436,17,False,3800,3355400
2023-09-01,Nakuru,Senator Keg,855,1146,1103,10,True,1500,1282500
2023-09-01,Nakuru,Tusker Malt,412,702,681,14,False,4200,1730400
2023-09-01,Nakuru,Johnnie Walker Black,264,415,401,16,True,28000,7392000
2023-09-01,Nakuru,Smirnoff Vodka,289,490,475,12,False,8500,2456500
2023-09-01,Nakuru,Baileys Original,148,240,232,15,False,18000,2664000
2023-10-01,Nairobi,Tusker Lager,2041,2890,2787,10,True,3800,7755800
2023-10-01,Nairobi,Senator Keg,1239,2183,2121,11,False,1500,1858500
2023-10-01,Nairobi,Tusker Malt,1137,1669,1612,11,True,4200,4775400
2023-10-01,Nairobi,Johnnie Walker Black,459,692,669,9,False,28000,12852000
2023-10-01,Nairobi,Smirnoff Vodka,915,1565,1519,14,True,8500,7777500
2023-10-01,Nairobi,Baileys Original,283,497,482,13,False,18000,5094000
2023-10-01,Mombasa,Tusker Lager,1219,2104,2043,12,False,3800,4632200
2023-10-01,Mombasa,Senator Keg,1063,1789,1735,17,False,1500,1594500
2023-10-01,Mombasa,Tusker Malt,698,1006,971,12,False,4200,2931600
2023-10-01,Mombasa,Johnnie Walker Black,308,498,482,13,False,28000,8624000
2023-10-01,Mombasa,Smirnoff Vodka,480,812,788,14,False,8500,4080000
2023-10-01,Mombasa,Baileys Original,204,350,339,14,False,18000,3672000
2023-10-01,Kisumu,Tusker Lager,1041,1726,1673,21,False,3800,3955800
2023-10-01,Kisumu,Senator Keg,841,1262,1219,13,True,1500,1261500
2023-10-01,Kisumu,Tusker Malt,588,729,699,12,True,4200,2469600
2023-10-01,Kisumu,Johnnie Walker Black,217,277,266,11,False,28000,6076000
2023-10-01,Kisumu,Smirnoff Vodka,393,573,553,15,False,8500,3340500
2023-10-01,Kisumu,Baileys Original,154,231,223,14,False,18000,2772000
2023-10-01,Nakuru,Tusker Lager,830,1103,1061,14,False,3800,3154000
2023-10-01,Nakuru,Senator Keg,645,1025,992,11,False,1500,967500
2023-10-01,Nakuru,Tusker Malt,391,702,682,11,False,4200,1642200
2023-10-01,Nakuru,Johnnie Walker Black,191,308,298,13,False,28000,5348000
2023-10-01,Nakuru,Smirnoff Vodka,345,439,421,12,False,8500,2932500
2023-10-01,Nakuru,Baileys Original,134,168,161,12,False,18000,2412000
2023-11-01,Nairobi,Tusker Lager,2336,4200,4083,14,True,3800,8876800
2023-11-01,Nairobi,Senator Keg,1435,2251,2179,11,False,1500,2152500
2023-11-01,Nairobi,Tusker Malt,1081,1573,1518,15,True,4200,4540200
2023-11-01,Nairobi,Johnnie Walker Black,417,722,701,20,False,28000,11676000
2023-11-01,Nairobi,Smirnoff Vodka,668,967,933,12,False,8500,5678000
2023-11-01,Nairobi,Baileys Original,320,524,508,10,False,18000,5760000
2023-11-01,Mombasa,Tusker Lager,1391,2070,2000,13,False,3800,5285800
2023-11-01,Mombasa,Senator Keg,895,1213,1168,13,False,1500,1342500
2023-11-01,Mombasa,Tusker Malt,694,922,887,14,False,4200,2914800
2023-11-01,Mombasa,Johnnie Walker Black,298,400,385,10,False,28000,8344000
2023-11-01,Mombasa,Smirnoff Vodka,542,828,800,11,False,8500,4607000
2023-11-01,Mombasa,Baileys Original,272,464,450,13,True,18000,4896000
2023-11-01,Kisumu,Tusker Lager,883,1231,1186,10,False,3800,3355400
2023-11-01,Kisumu,Senator Keg,754,1120,1082,13,False,1500,1131000
2023-11-01,Kisumu,Tusker Malt,585,977,947,11,True,4200,2457000
2023-11-01,Kisumu,Johnnie Walker Black,324,574,557,7,True,28000,9072000
2023-11-01,Kisumu,Smirnoff Vodka,381,557,537,17,False,8500,3238500
2023-11-01,Kisumu,Baileys Original,152,259,251,10,False,18000,2736000
2023-11-01,Nakuru,Tusker Lager,762,1205,1166,13,False,3800,2895600
2023-11-01,Nakuru,Senator Keg,650,1129,1096,16,False,1500,975000
2023-11-01,Nakuru,Tusker Malt,431,651,629,12,False,4200,1810200
2023-11-01,Nakuru,Johnnie Walker Black,244,400,387,14,True,28000,6832000
2023-11-01,Nakuru,Smirnoff Vodka,316,395,379,13,False,8500,2686000
2023-11-01,Nakuru,Baileys Original,146,181,173,14,False,18000,2628000
2023-12-01,Nairobi,Tusker Lager,2983,4110,3960,11,True,3800,11335400
2023-12-01,Nairobi,Senator Keg,1899,3161,3066,17,False,1500,2848500
2023-12-01,Nairobi,Tusker Malt,1347,1695,1627,12,False,4200,5657400
2023-12-01,Nairobi,Johnnie Walker Black,673,1116,1082,12,False,28000,18844000
2023-12-01,Nairobi,Smirnoff Vodka,1166,1666,1607,15,True,8500,9911000
2023-12-01,Nairobi,Baileys Original,409,520,499,17,False,18000,7362000
2023-12-01,Mombasa,Tusker Lager,1958,2972,2874,15,False,3800,7440400
2023-12-01,Mombasa,Senator Keg,1304,2322,2256,17,False,1500,1956000
2023-12-01,Mombasa,Tusker Malt,1014,1671,1620,18,False,4200,4258800
2023-12-01,Mombasa,Johnnie Walker Black,508,809,783,19,False,28000,14224000
2023-12-01,Mombasa,Smirnoff Vodka,664,886,852,15,False,8500,5644000
2023-12-01,Mombasa,Baileys Original,311,453,437,13,False,18000,5598000
2023-12-01,Kisumu,Tusker Lager,1375,1848,1779,15,False,3800,5225000
2023-12-01,Kisumu,Senator Keg,965,1272,1223,14,False,1500,1447500
2023-12-01,Kisumu,Tusker Malt,937,1583,1536,9,True,4200,3935400
2023-12-01,Kisumu,Johnnie Walker Black,373,637,618,16,False,28000,10444000
2023-12-01,Kisumu,Smirnoff Vodka,566,835,806,16,False,8500,4811000
2023-12-01,Kisumu,Baileys Original,248,405,392,11,False,18000,4464000
2023-12-01,Nakuru,Tusker Lager,1285,1962,1897,10,False,3800,4883000
2023-12-01,Nakuru,Senator Keg,1002,1765,1714,15,False,1500,1503000
2023-12-01,Nakuru,Tusker Malt,553,904,876,13,False,4200,2322600
2023-12-01,Nakuru,Johnnie Walker Black,324,430,413,13,False,28000,9072000
2023-12-01,Nakuru,Smirnoff Vodka,457,697,674,15,False,8500,3884500
2023-12-01,Nakuru,Baileys Original,207,311,300,16,False,18000,3726000
2024-01-01,Nairobi,Tusker Lager,1727,2977,2890,19,False,3800,6562600
2024-01-01,Nairobi,Senator Keg,1387,2297,2227,15,False,1500,2080500
2024-01-01,Nairobi,Tusker Malt,839,1130,1088,13,False,4200,3523800
2024-01-01,Nairobi,Johnnie Walker Black,470,843,819,13,False,28000,13160000
2024-01-01,Nairobi,Smirnoff Vodka,621,821,789,17,False,8500,5278500
2024-01-01,Nairobi,Baileys Original,303,496,480,12,False,18000,5454000
2024-01-01,Mombasa,Tusker Lager,1351,2256,2188,12,False,3800,5133800
2024-01-01,Mombasa,Senator Keg,1251,1505,1442,10,True,1500,1876500
2024-01-01,Mombasa,Tusker Malt,694,894,859,9,False,4200,2914800
2024-01-01,Mombasa,Johnnie Walker Black,317,547,531,10,False,28000,8876000
2024-01-01,Mombasa,Smirnoff Vodka,544,888,860,11,False,8500,4624000
2024-01-01,Mombasa,Baileys Original,237,368,356,7,False,18000,4266000
2024-01-01,Kisumu,Tusker Lager,939,1128,1081,19,False,3800,3568200
2024-01-01,Kisumu,Senator Keg,922,1303,1256,11,True,1500,1383000
2024-01-01,Kisumu,Tusker Malt,508,756,730,14,False,4200,2133600
2024-01-01,Kisumu,Johnnie Walker Black,247,306,293,11,False,28000,6916000
2024-01-01,Kisumu,Smirnoff Vodka,366,571,552,19,False,8500,3111000
2024-01-01,Kisumu,Baileys Original,166,279,270,19,False,18000,2988000
2024-01-01,Nakuru,Tusker Lager,801,998,957,13,False,3800,3043800
2024-01-01,Nakuru,Senator Keg,574,803,774,17,False,1500,861000
2024-01-01,Nakuru,Tusker Malt,444,670,647,16,False,4200,1864800
2024-01-01,Nakuru,Johnnie Walker Black,207,266,255,16,False,28000,5796000
2024-01-01,Nakuru,Smirnoff Vodka,380,506,487,11,True,8500,3230000
2024-01-01,Nakuru,Baileys Original,143,234,226,13,False,18000,2574000
2024-02-01,Nairobi,Tusker Lager,1979,2874,2775,14,True,3800,7520200
2024-02-01,Nairobi,Senator Keg,1109,1853,1797,15,False,1500,1663500
2024-02-01,Nairobi,Tusker Malt,665,951,917,17,False,4200,2793000
2024-02-01,Nairobi,Johnnie Walker Black,365,566,547,13,False,28000,10220000
2024-02-01,Nairobi,Smirnoff Vodka,506,615,589,9,False,8500,4301000
2024-02-01,Nairobi,Baileys Original,217,368,357,10,False,18000,3906000
2024-02-01,Mombasa,Tusker Lager,1008,1778,1727,8,False,3800,3830400
2024-02-01,Mombasa,Senator Keg,754,1099,1061,14,False,1500,1131000
2024-02-01,Mombasa,Tusker Malt,709,1192,1156,12,True,4200,2977800
2024-02-01,Mombasa,Johnnie Walker Black,262,390,376,15,False,28000,7336000
2024-02-01,Mombasa,Smirnoff Vodka,367,549,530,14,False,8500,3119500
2024-02-01,Mombasa,Baileys Original,174,284,275,12,False,18000,3132000
2024-02-01,Kisumu,Tusker Lager,809,1036,995,15,False,3800,3074200
2024-02-01,Kisumu,Senator Keg,605,964,933,10,False,1500,907500
2024-02-01,Kisumu,Tusker Malt,419,564,543,11,False,4200,1759800
2024-02-01,Kisumu,Johnnie Walker Black,208,280,269,11,False,28000,5824000
2024-02-01,Kisumu,Smirnoff Vodka,275,458,444,13,False,8500,2337500
2024-02-01,Kisumu,Baileys Original,117,174,168,18,False,18000,2106000
2024-02-01,Nakuru,Tusker Lager,609,881,850,14,False,3800,2314200
2024-02-01,Nakuru,Senator Keg,489,850,825,10,False,1500,733500
2024-02-01,Nakuru,Tusker Malt,304,466,450,14,False,4200,1276800
2024-02-01,Nakuru,Johnnie Walker Black,228,280,268,14,True,28000,6384000
2024-02-01,Nakuru,Smirnoff Vodka,248,443,430,16,False,8500,2108000
2024-02-01,Nakuru,Baileys Original,133,211,204,11,True,18000,2394000
2024-03-01,Nairobi,Tusker Lager,1691,3015,2930,10,False,3800,6425800
2024-03-01,Nairobi,Senator Keg,1379,1943,1874,21,False,1500,2068500
2024-03-01,Nairobi,Tusker Malt,831,1122,1080,12,False,4200,3490200
2024-03-01,Nairobi,Johnnie Walker Black,482,740,715,12,False,28000,13496000
2024-03-01,Nairobi,Smirnoff Vodka,678,1101,1067,13,False,8500,5763000
2024-03-01,Nairobi,Baileys Original,303,378,362,14,False,18000,5454000
2024-03-01,Mombasa,Tusker Lager,1309,2313,2247,10,False,3800,4974200
2024-03-01,Mombasa,Senator Keg,1059,1695,1642,13,False,1500,1588500
2024-03-01,Mombasa,Tusker Malt,655,1000,967,19,False,4200,2751000
2024-03-01,Mombasa,Johnnie Walker Black,376,566,547,10,True,28000,10528000
2024-03-01,Mombasa,Smirnoff Vodka,525,877,850,12,False,8500,4462500
2024-03-01,Mombasa,Baileys Original,207,280,269,13,False,18000,3726000
2024-03-01,Kisumu,Tusker Lager,896,1354,1309,17,False,3800,3404800
2024-03-01,Kisumu,Senator Keg,847,1462,1419,11,True,1500,1270500
2024-03-01,Kisumu,Tusker Malt,516,758,732,12,False,4200,2167200
2024-03-01,Kisumu,Johnnie Walker Black,263,437,423,15,False,28000,7364000
2024-03-01,Kisumu,Smirnoff Vodka,326,569,552,13,False,8500,2771000
2024-03-01,Kisumu,Baileys Original,161,241,232,11,False,18000,2898000
2024-03-01,Nakuru,Tusker Lager,774,1105,1066,17,False,3800,2941200
2024-03-01,Nakuru,Senator Keg,831,1478,1436,15,True,1500,1246500
2024-03-01,Nakuru,Tusker Malt,395,661,641,8,False,4200,1659000
2024-03-01,Nakuru,Johnnie Walker Black,213,336,325,14,False,28000,5964000
2024-03-01,Nakuru,Smirnoff Vodka,334,507,490,16,False,8500,2839000
2024-03-01,Nakuru,Baileys Original,130,210,203,13,False,18000,2340000
2024-04-01,Nairobi,Tusker Lager,2287,3987,3872,16,False,3800,8690600
2024-04-01,Nairobi,Senator Keg,1548,2771,2693,12,False,1500,2322000
2024-04-01,Nairobi,Tusker Malt,1002,1739,1688,12,False,4200,4208400
2024-04-01,Nairobi,Johnnie Walker Black,696,898,863,12,True,28000,19488000
2024-04-01,Nairobi,Smirnoff Vodka,800,1383,1343,11,False,8500,6800000
2024-04-01,Nairobi,Baileys Original,382,574,554,14,False,18000,6876000
2024-04-01,Mombasa,Tusker Lager,1732,2772,2685,14,False,3800,6581600
2024-04-01,Mombasa,Senator Keg,1220,1585,1524,13,False,1500,1830000
2024-04-01,Mombasa,Tusker Malt,1066,1287,1233,10,True,4200,4477200
2024-04-01,Mombasa,Johnnie Walker Black,401,608,587,13,False,28000,11228000
2024-04-01,Mombasa,Smirnoff Vodka,775,1329,1290,11,True,8500,6587500
2024-04-01,Mombasa,Baileys Original,351,535,517,15,True,18000,6318000
2024-04-01,Kisumu,Tusker Lager,1200,2031,1971,13,False,3800,4560000
2024-04-01,Kisumu,Senator Keg,857,1212,1169,8,False,1500,1285500
2024-04-01,Kisumu,Tusker Malt,575,749,720,12,False,4200,2415000
2024-04-01,Kisumu,Johnnie Walker Black,375,635,616,16,True,28000,10500000
2024-04-01,Kisumu,Smirnoff Vodka,397,559,539,12,False,8500,3374500
2024-04-01,Kisumu,Baileys Original,190,313,303,12,False,18000,3420000
2024-04-01,Nakuru,Tusker Lager,1038,1769,1717,9,False,3800,3944400
2024-04-01,Nakuru,Senator Keg,752,1344,1306,17,False,1500,1128000
2024-04-01,Nakuru,Tusker Malt,518,722,696,15,False,4200,2175600
2024-04-01,Nakuru,Johnnie Walker Black,261,324,310,11,False,28000,7308000
2024-04-01,Nakuru,Smirnoff Vodka,353,600,582,12,False,8500,3000500
2024-04-01,Nakuru,Baileys Original,161,255,246,15,False,18000,2898000
2024-05-01,Nairobi,Tusker Lager,1870,2482,2388,8,False,3800,7106000
2024-05-01,Nairobi,Senator Keg,1224,1692,1630,14,False,1500,1836000
2024-05-01,Nairobi,Tusker Malt,928,1483,1436,16,False,4200,3897600
2024-05-01,Nairobi,Johnnie Walker Black,428,746,724,16,False,28000,11984000
2024-05-01,Nairobi,Smirnoff Vodka,698,1024,989,11,False,8500,5933000
2024-05-01,Nairobi,Baileys Original,298,512,497,14,False,18000,5364000
2024-05-01,Mombasa,Tusker Lager,1332,1686,1619,14,False,3800,5061600
2024-05-01,Mombasa,Senator Keg,975,1194,1145,13,False,1500,1462500
2024-05-01,Mombasa,Tusker Malt,692,1186,1151,13,False,4200,2906400
2024-05-01,Mombasa,Johnnie Walker Black,316,551,535,15,False,28000,8848000
2024-05-01,Mombasa,Smirnoff Vodka,520,711,685,16,False,8500,4420000
2024-05-01,Mombasa,Baileys Original,296,375,360,12,True,18000,5328000
2024-05-01,Kisumu,Tusker Lager,1249,1680,1617,11,True,3800,4746200
2024-05-01,Kisumu,Senator Keg,650,962,929,14,False,1500,975000
2024-05-01,Kisumu,Tusker Malt,461,636,612,9,False,4200,1936200
2024-05-01,Kisumu,Johnnie Walker Black,252,309,296,16,False,28000,7056000
2024-05-01,Kisumu,Smirnoff Vodka,389,605,585,15,False,8500,3306500
2024-05-01,Kisumu,Baileys Original,173,226,217,16,False,18000,3114000
2024-05-01,Nakuru,Tusker Lager,769,938,899,16,False,3800,2922200
2024-05-01,Nakuru,Senator Keg,640,1150,1118,12,False,1500,960000
2024-05-01,Nakuru,Tusker Malt,450,764,741,11,False,4200,1890000
2024-05-01,Nakuru,Johnnie Walker Black,214,271,260,14,False,28000,5992000
2024-05-01,Nakuru,Smirnoff Vodka,289,490,475,14,False,8500,2456500
2024-05-01,Nakuru,Baileys Original,151,233,225,15,False,18000,2718000
2024-06-01,Nairobi,Tusker Lager,1806,2638,2547,8,False,3800,6862800
2024-06-01,Nairobi,Senator Keg,1424,2223,2151,11,False,1500,2136000
2024-06-01,Nairobi,Tusker Malt,971,1532,1483,20,False,4200,4078200
2024-06-01,Nairobi,Johnnie Walker Black,458,742,719,10,False,28000,12824000
2024-06-01,Nairobi,Smirnoff Vodka,640,915,883,11,False,8500,5440000
2024-06-01,Nairobi,Baileys Original,299,475,460,14,False,18000,5382000
2024-06-01,Mombasa,Tusker Lager,1439,2163,2091,18,False,3800,5468200
2024-06-01,Mombasa,Senator Keg,1271,1579,1515,15,True,1500,1906500
2024-06-01,Mombasa,Tusker Malt,628,770,738,12,False,4200,2637600
2024-06-01,Mombasa,Johnnie Walker Black,306,418,402,7,False,28000,8568000
2024-06-01,Mombasa,Smirnoff Vodka,542,714,686,13,False,8500,4607000
2024-06-01,Mombasa,Baileys Original,225,307,295,7,False,18000,4050000
2024-06-01,Kisumu,Tusker Lager,904,1088,1042,13,False,3800,3435200
2024-06-01,Kisumu,Senator Keg,849,1037,994,14,True,1500,1273500
2024-06-01,Kisumu,Tusker Malt,442,682,659,17,False,4200,1856400
2024-06-01,Kisumu,Johnnie Walker Black,241,331,318,12,False,28000,6748000
2024-06-01,Kisumu,Smirnoff Vodka,391,613,593,11,False,8500,3323500
2024-06-01,Kisumu,Baileys Original,148,208,200,13,False,18000,2664000
2024-06-01,Nakuru,Tusker Lager,841,1363,1320,13,False,3800,3195800
2024-06-01,Nakuru,Senator Keg,865,1106,1062,17,True,1500,1297500
2024-06-01,Nakuru,Tusker Malt,501,724,698,9,True,4200,2104200
2024-06-01,Nakuru,Johnnie Walker Black,227,369,357,8,False,28000,6356000
2024-06-01,Nakuru,Smirnoff Vodka,322,570,553,16,False,8500,2737000
2024-06-01,Nakuru,Baileys Original,149,178,170,12,False,18000,2682000
2024-07-01,Nairobi,Tusker Lager,2311,3725,3609,14,True,3800,8781800
2024-07-01,Nairobi,Senator Keg,1246,1782,1719,12,False,1500,1869000
2024-07-01,Nairobi,Tusker Malt,892,1294,1249,11,False,4200,3746400
2024-07-01,Nairobi,Johnnie Walker Black,473,587,563,13,False,28000,13244000
2024-07-01,Nairobi,Smirnoff Vodka,618,989,958,15,False,8500,5253000
2024-07-01,Nairobi,Baileys Original,311,440,424,13,False,18000,5598000
2024-07-01,Mombasa,Tusker Lager,1345,2319,2251,14,False,3800,5111000
2024-07-01,Mombasa,Senator Keg,1034,1315,1263,16,False,1500,1551000
2024-07-01,Mombasa,Tusker Malt,891,1145,1100,14,True,4200,3742200
2024-07-01,Mombasa,Johnnie Walker Black,298,433,418,11,False,28000,8344000
2024-07-01,Mombasa,Smirnoff Vodka,475,582,558,22,False,8500,4037500
2024-07-01,Mombasa,Baileys Original,203,311,300,12,False,18000,3654000
2024-07-01,Kisumu,Tusker Lager,930,1587,1540,16,False,3800,3534000
2024-07-01,Kisumu,Senator Keg,748,1090,1052,17,False,1500,1122000
2024-07-01,Kisumu,Tusker Malt,497,831,806,11,False,4200,2087400
2024-07-01,Kisumu,Johnnie Walker Black,237,397,385,10,False,28000,6636000
2024-07-01,Kisumu,Smirnoff Vodka,383,593,573,8,False,8500,3255500
2024-07-01,Kisumu,Baileys Original,195,304,294,11,True,18000,3510000
2024-07-01,Nakuru,Tusker Lager,875,1137,1093,11,False,3800,3325000
2024-07-01,Nakuru,Senator Keg,621,798,766,18,False,1500,931500
2024-07-01,Nakuru,Tusker Malt,453,550,527,11,False,4200,1902600
2024-07-01,Nakuru,Johnnie Walker Black,216,341,330,12,False,28000,6048000
2024-07-01,Nakuru,Smirnoff Vodka,305,422,406,13,False,8500,2592500
2024-07-01,Nakuru,Baileys Original,145,226,218,11,False,18000,2610000
2024-08-01,Nairobi,Tusker Lager,1751,2248,2160,19,False,3800,6653800
2024-08-01,Nairobi,Senator Keg,1346,1637,1569,12,False,1500,2019000
2024-08-01,Nairobi,Tusker Malt,901,1102,1056,13,False,4200,3784200
2024-08-01,Nairobi,Johnnie Walker Black,408,584,563,15,False,28000,11424000
2024-08-01,Nairobi,Smirnoff Vodka,629,1094,1062,8,False,8500,5346500
2024-08-01,Nairobi,Baileys Original,277,491,477,12,False,18000,4986000
2024-08-01,Mombasa,Tusker Lager,1271,2155,2091,14,False,3800,4829800
2024-08-01,Mombasa,Senator Keg,1086,1491,1436,16,False,1500,1629000
2024-08-01,Mombasa,Tusker Malt,721,1012,975,9,False,4200,3028200
2024-08-01,Mombasa,Johnnie Walker Black,333,430,413,9,False,28000,9324000
2024-08-01,Mombasa,Smirnoff Vodka,500,850,825,18,False,8500,4250000
2024-08-01,Mombasa,Baileys Original,217,299,288,14,False,18000,3906000
2024-08-01,Kisumu,Tusker Lager,914,1626,1580,10,False,3800,3473200
2024-08-01,Kisumu,Senator Keg,728,1025,988,11,False,1500,1092000
2024-08-01,Kisumu,Tusker Malt,488,768,743,13,False,4200,2049600
2024-08-01,Kisumu,Johnnie Walker Black,239,344,332,10,False,28000,6692000
2024-08-01,Kisumu,Smirnoff Vodka,396,610,590,14,False,8500,3366000
2024-08-01,Kisumu,Baileys Original,164,216,207,16,False,18000,2952000
2024-08-01,Nakuru,Tusker Lager,822,1254,1212,13,False,3800,3123600
2024-08-01,Nakuru,Senator Keg,596,1059,1029,12,False,1500,894000
2024-08-01,Nakuru,Tusker Malt,454,781,758,14,False,4200,1906800
2024-08-01,Nakuru,Johnnie Walker Black,194,324,314,19,False,28000,5432000
2024-08-01,Nakuru,Smirnoff Vodka,291,502,487,12,False,8500,2473500
2024-08-01,Nakuru,Baileys Original,152,195,187,16,False,18000,2736000
2024-09-01,Nairobi,Tusker Lager,2233,3836,3724,13,True,3800,8485400
2024-09-01,Nairobi,Senator Keg,1374,1958,1889,15,False,1500,2061000
2024-09-01,Nairobi,Tusker Malt,861,1232,1188,15,False,4200,3616200
2024-09-01,Nairobi,Johnnie Walker Black,451,674,651,11,False,28000,12628000
2024-09-01,Nairobi,Smirnoff Vodka,685,1136,1101,17,False,8500,5822500
2024-09-01,Nairobi,Baileys Original,304,539,523,12,False,18000,5472000
2024-09-01,Mombasa,Tusker Lager,1241,2154,2091,17,False,3800,4715800
2024-09-01,Mombasa,Senator Keg,1129,1953,1896,13,True,1500,1693500
2024-09-01,Mombasa,Tusker Malt,653,1146,1113,20,False,4200,2742600
2024-09-01,Mombasa,Johnnie Walker Black,298,442,427,14,False,28000,8344000
2024-09-01,Mombasa,Smirnoff Vodka,514,658,632,16,False,8500,4369000
2024-09-01,Mombasa,Baileys Original,264,373,359,17,True,18000,4752000
2024-09-01,Kisumu,Tusker Lager,1018,1806,1755,11,False,3800,3868400
2024-09-01,Kisumu,Senator Keg,649,1167,1134,11,False,1500,973500
2024-09-01,Kisumu,Tusker Malt,497,600,575,12,False,4200,2087400
2024-09-01,Kisumu,Johnnie Walker Black,251,426,413,16,False,28000,7028000
2024-09-01,Kisumu,Smirnoff Vodka,377,626,607,15,False,8500,3204500
2024-09-01,Kisumu,Baileys Original,165,273,264,12,False,18000,2970000
2024-09-01,Nakuru,Tusker Lager,898,1340,1295,11,False,3800,3412400
2024-09-01,Nakuru,Senator Keg,577,833,804,14,False,1500,865500
2024-09-01,Nakuru,Tusker Malt,412,521,500,13,False,4200,1730400
2024-09-01,Nakuru,Johnnie Walker Black,223,394,382,12,False,28000,6244000
2024-09-01,Nakuru,Smirnoff Vodka,288,397,382,14,False,8500,2448000
2024-09-01,Nakuru,Baileys Original,128,192,185,15,False,18000,2304000
2024-10-01,Nairobi,Tusker Lager,1906,2370,2274,13,False,3800,7242800
2024-10-01,Nairobi,Senator Keg,1324,1823,1756,14,False,1500,1986000
2024-10-01,Nairobi,Tusker Malt,852,1497,1454,16,False,4200,3578400
2024-10-01,Nairobi,Johnnie Walker Black,441,768,745,12,False,28000,12348000
2024-10-01,Nairobi,Smirnoff Vodka,651,1031,998,9,False,8500,5533500
2024-10-01,Nairobi,Baileys Original,329,513,496,13,False,18000,5922000
2024-10-01,Mombasa,Tusker Lager,1282,2221,2156,11,False,3800,4871600
2024-10-01,Mombasa,Senator Keg,991,1456,1406,15,False,1500,1486500
2024-10-01,Mombasa,Tusker Malt,671,1080,1046,12,False,4200,2818200
2024-10-01,Mombasa,Johnnie Walker Black,313,509,493,14,False,28000,8764000
2024-10-01,Mombasa,Smirnoff Vodka,527,796,769,14,False,8500,4479500
2024-10-01,Mombasa,Baileys Original,204,339,328,18,False,18000,3672000
2024-10-01,Kisumu,Tusker Lager,916,1172,1126,8,False,3800,3480800
2024-10-01,Kisumu,Senator Keg,923,1137,1090,13,True,1500,1384500
2024-10-01,Kisumu,Tusker Malt,504,688,662,12,False,4200,2116800
2024-10-01,Kisumu,Johnnie Walker Black,250,309,296,14,False,28000,7000000
2024-10-01,Kisumu,Smirnoff Vodka,384,484,464,11,False,8500,3264000
2024-10-01,Kisumu,Baileys Original,156,212,204,17,False,18000,2808000
2024-10-01,Nakuru,Tusker Lager,898,1558,1513,17,False,3800,3412400
2024-10-01,Nakuru,Senator Keg,622,1085,1053,12,False,1500,933000
2024-10-01,Nakuru,Tusker Malt,410,587,566,13,False,4200,1722000
2024-10-01,Nakuru,Johnnie Walker Black,216,350,339,19,False,28000,6048000
2024-10-01,Nakuru,Smirnoff Vodka,284,454,439,15,False,8500,2414000
2024-10-01,Nakuru,Baileys Original,153,253,245,11,False,18000,2754000
2024-11-01,Nairobi,Tusker Lager,1962,2478,2379,10,False,3800,7455600
2024-11-01,Nairobi,Senator Keg,1783,2828,2738,17,True,1500,2674500
2024-11-01,Nairobi,Tusker Malt,819,1228,1187,15,False,4200,3439800
2024-11-01,Nairobi,Johnnie Walker Black,444,654,631,13,False,28000,12432000
2024-11-01,Nairobi,Smirnoff Vodka,636,783,751,9,False,8500,5406000
2024-11-01,Nairobi,Baileys Original,316,458,442,9,False,18000,5688000
2024-11-01,Mombasa,Tusker Lager,1405,2240,2169,12,False,3800,5339000
2024-11-01,Mombasa,Senator Keg,985,1702,1652,15,False,1500,1477500
2024-11-01,Mombasa,Tusker Malt,622,856,824,16,False,4200,2612400
2024-11-01,Mombasa,Johnnie Walker Black,306,486,470,18,False,28000,8568000
2024-11-01,Mombasa,Smirnoff Vodka,648,931,898,17,True,8500,5508000
2024-11-01,Mombasa,Baileys Original,229,302,290,9,False,18000,4122000
2024-11-01,Kisumu,Tusker Lager,1035,1278,1226,11,False,3800,3933000
2024-11-01,Kisumu,Senator Keg,664,1002,968,9,False,1500,996000
2024-11-01,Kisumu,Tusker Malt,458,554,531,9,False,4200,1923600
2024-11-01,Kisumu,Johnnie Walker Black,222,321,309,10,False,28000,6216000
2024-11-01,Kisumu,Smirnoff Vodka,359,558,540,16,False,8500,3051500
2024-11-01,Kisumu,Baileys Original,144,212,204,7,False,18000,2592000
2024-11-01,Nakuru,Tusker Lager,918,1273,1227,20,False,3800,3488400
2024-11-01,Nakuru,Senator Keg,665,1106,1072,14,False,1500,997500
2024-11-01,Nakuru,Tusker Malt,422,573,551,13,False,4200,1772400
2024-11-01,Nakuru,Johnnie Walker Black,190,261,251,14,False,28000,5320000
2024-11-01,Nakuru,Smirnoff Vodka,332,472,455,7,False,8500,2822000
2024-11-01,Nakuru,Baileys Original,126,173,166,14,False,18000,2268000
2024-12-01,Nairobi,Tusker Lager,2686,3961,3826,16,False,3800,10206800
2024-12-01,Nairobi,Senator Keg,1918,2650,2554,16,False,1500,2877000
2024-12-01,Nairobi,Tusker Malt,1192,1776,1716,11,False,4200,5006400
2024-12-01,Nairobi,Johnnie Walker Black,685,1016,981,11,False,28000,19180000
2024-12-01,Nairobi,Smirnoff Vodka,892,1110,1065,15,False,8500,7582000
2024-12-01,Nairobi,Baileys Original,423,564,542,14,False,18000,7614000
2024-12-01,Mombasa,Tusker Lager,1798,3000,2910,15,False,3800,6832400
2024-12-01,Mombasa,Senator Keg,1458,1878,1805,11,False,1500,2187000
2024-12-01,Mombasa,Tusker Malt,1017,1631,1580,10,False,4200,4271400
2024-12-01,Mombasa,Johnnie Walker Black,456,641,618,18,False,28000,12768000
2024-12-01,Mombasa,Smirnoff Vodka,778,1349,1310,13,False,8500,6613000
2024-12-01,Mombasa,Baileys Original,415,513,492,8,True,18000,7470000
2024-12-01,Kisumu,Tusker Lager,1617,2869,2788,10,True,3800,6144600
2024-12-01,Kisumu,Senator Keg,1050,1412,1359,13,False,1500,1575000
2024-12-01,Kisumu,Tusker Malt,696,949,914,12,False,4200,2923200
2024-12-01,Kisumu,Johnnie Walker Black,369,544,525,14,False,28000,10332000
2024-12-01,Kisumu,Smirnoff Vodka,527,684,657,12,False,8500,4479500
2024-12-01,Kisumu,Baileys Original,229,303,291,13,False,18000,4122000
2024-12-01,Nakuru,Tusker Lager,1385,1863,1793,15,True,3800,5263000
2024-12-01,Nakuru,Senator Keg,998,1315,1265,15,False,1500,1497000
2024-12-01,Nakuru,Tusker Malt,664,900,866,14,False,4200,2788800
2024-12-01,Nakuru,Johnnie Walker Black,301,468,452,14,False,28000,8428000
2024-12-01,Nakuru,Smirnoff Vodka,418,549,528,14,False,8500,3553000
2024-12-01,Nakuru,Baileys Original,215,375,364,14,False,18000,3870000
